,Unnamed: 0,id_x,id_y,TF
1267,1267,mil_3127,spa_01731,True
1090,1090,mil_3412,spa_05537,True
1110,1110,mil_3272,spa_03407,True
36,36,mil_3974,spa_00251,True
933,933,mil_0184,spa_00184,False
1276,1276,mil_3127,spa_03432,True
505,505,mil_0333,spa_00333,False
383,383,mil_3412,spa_01737,True
1025,1025,mil_0040,spa_00040,False
1222,1222,mil_1672,spa_08539,True
1045,1045,mil_3127,spa_01687,True
995,995,mil_3412,spa_03440,True
620,620,mil_1672,spa_00089,True
166,166,mil_3127,spa_05538,True
131,131,mil_3412,spa_05542,True
622,622,mil_3272,spa_01686,True
1211,1211,mil_3272,spa_02732,True
267,267,mil_0295,spa_00295,False
82,82,mil_3272,spa_01737,True
1159,1159,mil_3272,spa_00243,True
1367,1367,mil_3127,spa_03430,True
791,791,mil_3127,spa_08150,True
520,520,mil_3412,spa_01761,True
709,709,mil_3127,spa_00243,True
919,919,mil_3127,spa_03394,True
1146,1146,mil_3127,spa_02737,True
723,723,mil_3272,spa_08147,True
272,272,mil_0339,spa_00339,False
641,641,mil_0139,spa_00139,False
51,51,mil_4420,spa_08538,True
1337,1337,mil_3272,spa_01719,True
992,992,mil_3291,spa_06579,True
1046,1046,mil_3412,spa_01759,True
393,393,mil_3043,spa_00218,True
572,572,mil_3127,spa_03407,True
501,501,mil_3412,spa_02729,True
209,209,mil_3127,spa_03398,True
308,308,mil_0083,spa_00083,False
722,722,mil_3272,spa_03401,True
78,78,mil_3412,spa_01743,True
425,425,mil_3127,spa_01718,True
746,746,mil_0142,spa_00142,False
1282,1282,mil_3127,spa_03435,True
820,820,mil_3079,spa_08667,True
742,742,mil_0063,spa_00063,False
44,44,mil_3079,spa_00659,True
549,549,mil_3272,spa_01714,True
358,358,mil_3272,spa_01742,True
1255,1255,mil_0284,spa_00284,False
63,63,mil_3272,spa_07565,True
886,886,mil_0491,spa_00491,False
1119,1119,mil_3412,spa_08147,True
560,560,mil_3412,spa_01747,True
486,486,mil_0024,spa_00024,False
1136,1136,mil_3043,spa_07577,True
230,230,mil_3272,spa_03433,True
909,909,mil_0082,spa_00082,False
221,221,mil_3127,spa_01708,True
593,593,mil_3412,spa_07641,True
812,812,mil_0009,spa_00009,False
98,98,mil_3412,spa_03422,True
16,16,mil_3272,spa_00989,True
200,200,mil_0231,spa_00231,False
1310,1310,mil_3272,spa_07641,True
416,416,mil_3127,spa_03438,True
180,180,mil_0245,spa_00245,False
260,260,mil_0288,spa_09715,True
1037,1037,mil_3272,spa_05555,True
518,518,mil_0242,spa_00242,False
323,323,mil_4133,spa_07377,True
614,614,mil_0069,spa_00069,False
310,310,mil_3412,spa_01697,True
29,29,mil_0145,spa_00145,False
376,376,mil_0252,spa_00252,False
1115,1115,mil_3127,spa_01730,True
1140,1140,mil_4420,spa_07383,True
692,692,mil_0312,spa_00312,False
30,30,mil_3079,spa_08539,True
387,387,mil_0233,spa_00233,False
419,419,mil_0012,spa_00012,False
1280,1280,mil_3412,spa_05566,True
1227,1227,mil_3291,spa_08143,True
93,93,mil_3127,spa_01759,True
338,338,mil_3127,spa_00990,True
169,169,mil_3272,spa_01690,True
935,935,mil_0372,spa_00372,False
483,483,mil_3272,spa_01732,True
113,113,mil_0199,spa_00199,False
1094,1094,mil_3127,spa_03419,True
635,635,mil_3127,spa_03441,True
301,301,mil_0470,spa_00470,False
1345,1345,mil_3127,spa_05546,True
280,280,mil_3127,spa_06606,True
88,88,mil_3127,spa_03395,True
756,756,mil_0110,spa_00110,False
417,417,mil_0305,spa_00305,False
196,196,mil_0174,spa_00174,False
739,739,mil_3291,spa_06581,True
201,201,mil_0045,spa_00045,False
1348,1348,mil_0073,spa_00073,False
888,888,mil_3272,spa_01702,True
141,141,mil_3127,spa_03409,True
1333,1333,mil_0344,spa_00344,False
91,91,mil_3412,spa_08146,True
707,707,mil_0324,spa_00324,False
223,223,mil_3272,spa_01755,True
346,346,mil_3412,spa_06610,True
931,931,mil_0478,spa_00478,False
894,894,mil_3272,spa_06604,True
214,214,mil_3127,spa_03408,True
149,149,mil_2669,spa_07576,True
581,581,mil_0294,spa_00294,False
1064,1064,mil_3127,spa_01709,True
1040,1040,mil_0166,spa_00166,False
631,631,mil_3272,spa_01685,True
1215,1215,mil_3291,spa_01052,True
313,313,mil_3272,spa_05566,True
1302,1302,mil_3127,spa_01702,True
454,454,mil_0161,spa_00161,False
283,283,mil_2669,spa_07577,True
292,292,mil_0113,spa_00113,False
443,443,mil_3127,spa_03412,True
1001,1001,mil_1255,spa_00218,True
924,924,mil_3272,spa_01055,True
996,996,mil_3412,spa_06609,True
898,898,mil_0368,spa_00368,False
859,859,mil_3291,spa_06589,True
133,133,mil_2669,spa_07578,True
757,757,mil_0194,spa_00194,False
1301,1301,mil_0224,spa_00224,False
1185,1185,mil_3412,spa_01691,True
326,326,mil_3291,spa_08144,True
126,126,mil_0016,spa_00016,False
270,270,mil_3127,spa_05563,True
821,821,mil_3272,spa_05558,True
1220,1220,mil_3412,spa_03424,True
105,105,mil_3127,spa_01688,True
173,173,mil_0433,spa_00433,False
252,252,mil_0301,spa_00301,False
929,929,mil_3272,spa_03406,True
858,858,mil_3127,spa_03401,True
930,930,mil_0459,spa_00459,False
741,741,mil_3272,spa_01746,True
822,822,mil_0431,spa_00431,False
834,834,mil_0154,spa_00154,False
908,908,mil_3065,spa_07855,True
2,2,mil_3412,spa_03407,True
1013,1013,mil_3127,spa_02735,True
629,629,mil_3272,spa_01730,True
579,579,mil_0156,spa_00156,False
171,171,mil_3412,spa_03399,True
367,367,mil_3412,spa_01703,True
693,693,mil_0105,spa_00105,False
1157,1157,mil_3127,spa_03418,True
1199,1199,mil_0448,spa_00448,False
365,365,mil_3127,spa_01690,True
1008,1008,mil_3127,spa_01707,True
104,104,mil_0020,spa_00020,False
1084,1084,mil_0192,spa_00192,False
1290,1290,mil_2678,spa_07547,True
1237,1237,mil_0369,spa_00369,False
1364,1364,mil_3272,spa_01699,True
1294,1294,mil_0058,spa_00058,False
445,445,mil_0453,spa_00453,False
870,870,mil_0072,spa_00072,False
665,665,mil_3272,spa_05562,True
864,864,mil_3127,spa_01763,True
287,287,mil_0486,spa_00486,False
1320,1320,mil_3412,spa_05559,True
610,610,mil_3272,spa_05556,True
1073,1073,mil_3412,spa_01746,True
182,182,mil_3272,spa_08169,True
672,672,mil_0494,spa_00494,False
381,381,mil_0147,spa_00147,False
444,444,mil_0091,spa_00091,False
412,412,mil_3272,spa_05550,True
463,463,mil_3291,spa_08140,True
352,352,mil_3412,spa_01719,True
1006,1006,mil_0028,spa_00028,False
410,410,mil_0436,spa_00436,False
40,40,mil_3272,spa_01712,True
281,281,mil_3272,spa_06605,True
949,949,mil_3127,spa_01748,True
1214,1214,mil_3127,spa_05545,True
470,470,mil_0435,spa_00435,False
43,43,mil_0290,spa_00290,False
401,401,mil_3272,spa_03420,True
1134,1134,mil_0090,spa_00090,False
1147,1147,mil_3272,spa_07566,True
547,547,mil_3272,spa_08149,True
465,465,mil_3412,spa_01695,True
905,905,mil_3272,spa_01741,True
134,134,mil_3291,spa_00071,True
117,117,mil_0171,spa_00171,False
566,566,mil_0361,spa_00361,False
596,596,mil_3127,spa_03429,True
297,297,mil_0041,spa_00041,False
195,195,mil_0323,spa_00323,False
102,102,mil_3412,spa_05550,True
1100,1100,mil_0463,spa_00463,False
809,809,mil_0378,spa_00378,False
889,889,mil_0397,spa_00397,False
392,392,mil_3412,spa_01727,True
876,876,mil_3974,spa_09435,True
456,456,mil_0483,spa_00483,False
689,689,mil_3412,spa_03413,True
1075,1075,mil_0386,spa_00386,False
567,567,mil_3079,spa_08537,True
374,374,mil_0175,spa_00175,False
703,703,mil_3127,spa_08147,True
632,632,mil_3412,spa_01756,True
625,625,mil_3127,spa_01752,True
713,713,mil_3974,spa_08535,True
1124,1124,mil_0042,spa_00042,False
617,617,mil_3412,spa_01707,True
832,832,mil_3412,spa_01684,True
514,514,mil_3127,spa_06614,True
286,286,mil_3079,spa_09435,True
205,205,mil_3127,spa_05552,True
657,657,mil_0388,spa_00388,False
391,391,mil_0269,spa_00269,False
1048,1048,mil_0241,spa_00241,False
803,803,mil_3272,spa_00073,True
468,468,mil_3974,spa_07307,True
758,758,mil_0291,spa_00291,False
489,489,mil_0148,spa_00148,False
1192,1192,mil_0423,spa_00423,False
576,576,mil_0268,spa_00268,False
1172,1172,mil_0343,spa_00343,False
1232,1232,mil_3412,spa_01750,True
987,987,mil_0429,spa_00429,False
95,95,mil_0321,spa_00321,False
275,275,mil_3291,spa_08142,True
1287,1287,mil_3412,spa_07566,True
616,616,mil_0255,spa_00255,False
767,767,mil_0389,spa_00389,False
203,203,mil_3412,spa_05543,True
945,945,mil_2653,spa_00900,True
1314,1314,mil_0204,spa_00204,False
294,294,mil_0460,spa_00460,False
165,165,mil_0228,spa_00228,False
235,235,mil_0403,spa_00403,False
1186,1186,mil_3127,spa_05559,True
3,3,mil_0480,spa_00480,False
1217,1217,mil_0060,spa_00060,False
434,434,mil_0100,spa_00100,False
70,70,mil_3127,spa_08149,True
14,14,mil_0358,spa_00358,False
844,844,mil_0260,spa_00260,False
1047,1047,mil_3272,spa_03413,True
428,428,mil_0322,spa_00322,False
845,845,mil_3412,spa_01732,True
1236,1236,mil_0009,spa_07366,True
710,710,mil_3291,spa_06586,True
749,749,mil_0488,spa_00488,False
1283,1283,mil_3127,spa_01744,True
1049,1049,mil_0246,spa_00246,False
331,331,mil_3272,spa_01750,True
1291,1291,mil_1672,spa_00251,True
1303,1303,mil_3127,spa_01736,True
1004,1004,mil_3127,spa_01699,True
502,502,mil_3272,spa_01752,True
671,671,mil_3127,spa_02730,True
1133,1133,mil_3127,spa_01740,True
711,711,mil_3412,spa_05562,True
1108,1108,mil_0033,spa_00033,False
448,448,mil_3272,spa_05568,True
925,925,mil_3291,spa_08141,True
1374,1374,mil_0315,spa_00315,False
702,702,mil_3127,spa_03405,True
918,918,mil_3272,spa_02735,True
1151,1151,mil_0244,spa_00244,False
1024,1024,mil_0235,spa_00235,False
841,841,mil_3272,spa_03434,True
1316,1316,mil_0186,spa_00186,False
1138,1138,mil_0064,spa_00064,False
408,408,mil_0251,spa_00251,False
213,213,mil_0288,spa_00288,False
137,137,mil_0367,spa_00367,False
1178,1178,mil_0360,spa_00360,False
612,612,mil_0149,spa_00149,False
324,324,mil_3412,spa_03425,True
193,193,mil_4420,spa_06895,True
532,532,mil_3412,spa_01713,True
439,439,mil_0464,spa_00464,False
1031,1031,mil_0317,spa_00317,False
1268,1268,mil_1672,spa_06895,True
329,329,mil_3127,spa_03413,True
389,389,mil_0347,spa_00347,False
725,725,mil_3127,spa_02738,True
1163,1163,mil_0332,spa_00332,False
536,536,mil_3127,spa_05570,True
1078,1078,mil_0257,spa_00257,False
1122,1122,mil_3974,spa_09585,True
718,718,mil_3127,spa_01710,True
1304,1304,mil_0398,spa_00398,False
623,623,mil_3412,spa_01711,True
708,708,mil_3412,spa_08150,True
706,706,mil_0158,spa_00158,False
321,321,mil_3127,spa_00162,True
404,404,mil_0362,spa_00362,False
13,13,mil_3272,spa_02737,True
626,626,mil_3412,spa_01694,True
1332,1332,mil_0484,spa_00484,False
1228,1228,mil_3291,spa_06584,True
1009,1009,mil_3291,spa_00650,True
11,11,mil_3412,spa_06611,True
1366,1366,mil_3272,spa_01688,True
857,857,mil_0426,spa_00426,False
1355,1355,mil_3412,spa_07565,True
895,895,mil_0498,spa_00498,False
351,351,mil_0079,spa_00079,False
842,842,mil_3272,spa_03430,True
1011,1011,mil_4420,spa_09433,True
66,66,mil_0485,spa_00485,False
481,481,mil_3272,spa_01753,True
528,528,mil_3412,spa_01751,True
129,129,mil_3412,spa_05536,True
571,571,mil_0157,spa_00157,False
1341,1341,mil_0153,spa_00153,False
224,224,mil_1294,spa_09736,True
1097,1097,mil_3272,spa_01731,True
545,545,mil_3412,spa_03400,True
615,615,mil_3272,spa_01734,True
1351,1351,mil_0051,spa_00051,False
890,890,mil_0092,spa_00092,False
714,714,mil_3127,spa_02728,True
853,853,mil_3127,spa_08148,True
830,830,mil_1007,spa_00005,True
429,429,mil_0221,spa_00221,False
555,555,mil_0215,spa_00215,False
128,128,mil_0197,spa_00197,False
1102,1102,mil_0359,spa_00359,False
1065,1065,mil_0176,spa_00176,False
231,231,mil_3127,spa_07567,True
305,305,mil_3127,spa_01725,True
846,846,mil_0276,spa_00276,False
553,553,mil_3272,spa_01693,True
130,130,mil_3079,spa_09585,True
982,982,mil_3412,spa_03417,True
118,118,mil_3127,spa_01761,True
577,577,mil_3412,spa_01685,True
1250,1250,mil_3412,spa_05548,True
1149,1149,mil_3412,spa_05555,True
317,317,mil_3272,spa_01740,True
871,871,mil_0159,spa_00159,False
1022,1022,mil_0009,spa_00146,True
349,349,mil_3127,spa_06610,True
405,405,mil_3127,spa_03397,True
1030,1030,mil_0277,spa_00277,False
854,854,mil_0106,spa_00106,False
682,682,mil_0363,spa_00363,False
1362,1362,mil_3291,spa_06582,True
5,5,mil_2653,spa_00178,True
537,537,mil_1672,spa_09588,True
116,116,mil_3272,spa_03417,True
1328,1328,mil_3272,spa_01728,True
1313,1313,mil_0340,spa_00340,False
80,80,mil_3272,spa_01761,True
278,278,mil_4420,spa_01092,True
1191,1191,mil_0288,spa_09710,True
1241,1241,mil_3127,spa_06612,True
382,382,mil_3412,spa_01722,True
1184,1184,mil_0316,spa_00316,False
643,643,mil_0298,spa_00298,False
1070,1070,mil_3272,spa_01736,True
380,380,mil_1208,spa_09750,True
855,855,mil_1672,spa_07528,True
529,529,mil_3272,spa_00074,True
1338,1338,mil_3127,spa_01700,True
341,341,mil_3412,spa_01692,True
375,375,mil_3127,spa_05543,True
479,479,mil_3127,spa_08146,True
1257,1257,mil_3974,spa_00659,True
110,110,mil_0371,spa_00371,False
907,907,mil_0346,spa_00346,False
941,941,mil_3412,spa_01766,True
717,717,mil_0254,spa_00254,False
760,760,mil_1255,spa_09609,True
181,181,mil_0101,spa_00101,False
826,826,mil_0296,spa_00296,False
330,330,mil_3272,spa_01692,True
208,208,mil_0009,spa_00059,True
1174,1174,mil_0354,spa_00354,False
584,584,mil_3043,spa_07576,True
251,251,mil_0202,spa_00202,False
1087,1087,mil_3412,spa_02735,True
423,423,mil_3272,spa_03437,True
462,462,mil_0062,spa_00062,False
991,991,mil_3043,spa_07579,True
1061,1061,mil_3127,spa_01701,True
1266,1266,mil_0285,spa_00285,False
1246,1246,mil_3127,spa_01717,True
86,86,mil_3412,spa_02737,True
550,550,mil_0121,spa_00121,False
1357,1357,mil_1672,spa_08536,True
1373,1373,mil_3412,spa_07567,True
1077,1077,mil_3412,spa_03436,True
354,354,mil_0232,spa_00232,False
1305,1305,mil_0034,spa_00034,False
916,916,mil_1255,spa_07577,True
1311,1311,mil_0009,spa_00478,True
1112,1112,mil_0004,spa_00004,False
727,727,mil_0229,spa_00229,False
878,878,mil_0043,spa_00043,False
314,314,mil_0457,spa_00457,False
607,607,mil_3272,spa_01735,True
748,748,mil_0018,spa_00018,False
775,775,mil_0375,spa_00375,False
414,414,mil_3412,spa_00074,True
312,312,mil_3412,spa_01736,True
379,379,mil_0140,spa_00140,False
1342,1342,mil_3127,spa_01713,True
81,81,mil_0146,spa_00146,False
1086,1086,mil_3127,spa_01716,True
704,704,mil_3412,spa_00990,True
1245,1245,mil_0239,spa_00239,False
1059,1059,mil_3272,spa_05543,True
426,426,mil_3043,spa_09609,True
837,837,mil_3412,spa_03394,True
1012,1012,mil_3412,spa_01701,True
586,586,mil_3127,spa_05556,True
595,595,mil_3412,spa_01748,True
368,368,mil_0141,spa_00141,False
373,373,mil_3272,spa_03414,True
1017,1017,mil_0307,spa_00307,False
1248,1248,mil_3412,spa_01712,True
433,433,mil_3127,spa_01726,True
976,976,mil_0216,spa_00216,False
342,342,mil_3127,spa_05542,True
1296,1296,mil_3412,spa_02728,True
849,849,mil_3412,spa_03408,True
496,496,mil_3127,spa_03406,True
1334,1334,mil_3412,spa_02734,True
119,119,mil_0467,spa_00467,False
1055,1055,mil_3291,spa_06587,True
1181,1181,mil_3272,spa_03421,True
1278,1278,mil_0125,spa_00125,False
144,144,mil_1672,spa_09435,True
1377,1377,mil_3412,spa_01729,True
903,903,mil_3127,spa_01689,True
1368,1368,mil_0393,spa_00393,False
135,135,mil_3272,spa_01717,True
818,818,mil_3127,spa_01696,True
660,660,mil_0022,spa_00022,False
107,107,mil_0499,spa_00499,False
946,946,mil_3272,spa_02738,True
355,355,mil_3272,spa_03427,True
592,592,mil_0122,spa_00122,False
493,493,mil_3291,spa_01050,True
891,891,mil_0081,spa_00081,False
1198,1198,mil_0089,spa_00089,False
65,65,mil_0465,spa_00465,False
1272,1272,mil_3412,spa_03401,True
1194,1194,mil_3127,spa_05565,True
244,244,mil_3272,spa_05553,True
630,630,mil_3079,spa_08535,True
700,700,mil_3412,spa_03415,True
1196,1196,mil_0383,spa_00383,False
1371,1371,mil_0084,spa_00084,False
811,811,mil_0009,spa_00147,True
1193,1193,mil_0190,spa_00190,False
1168,1168,mil_2653,spa_00901,True
67,67,mil_3231,spa_09690,True
399,399,mil_2141,spa_07393,True
598,598,mil_0377,spa_00377,False
344,344,mil_0118,spa_00118,False
604,604,mil_0038,spa_00038,False
175,175,mil_0314,spa_00314,False
145,145,mil_3412,spa_01699,True
1153,1153,mil_3079,spa_09431,True
1099,1099,mil_0461,spa_00461,False
1346,1346,mil_3272,spa_01748,True
10,10,mil_3412,spa_00989,True
503,503,mil_0404,spa_00404,False
1082,1082,mil_0120,spa_00120,False
106,106,mil_3412,spa_00073,True
793,793,mil_3127,spa_01727,True
318,318,mil_3291,spa_00651,True
1244,1244,mil_0440,spa_00440,False
290,290,mil_0116,spa_00116,False
72,72,mil_0247,spa_00247,False
673,673,mil_3272,spa_02731,True
1238,1238,mil_3127,spa_03421,True
1050,1050,mil_4420,spa_09588,True
745,745,mil_0384,spa_00384,False
1285,1285,mil_0326,spa_00326,False
296,296,mil_0455,spa_00455,False
922,922,mil_3272,spa_07640,True
731,731,mil_0066,spa_00066,False
1081,1081,mil_3272,spa_06613,True
1239,1239,mil_0261,spa_00261,False
1230,1230,mil_3127,spa_01765,True
904,904,mil_0009,spa_07369,True
1261,1261,mil_3412,spa_03428,True
1043,1043,mil_3127,spa_01712,True
150,150,mil_4420,spa_08668,True
783,783,mil_3272,spa_03398,True
1229,1229,mil_0177,spa_00177,False
1340,1340,mil_3272,spa_01706,True
1071,1071,mil_0318,spa_00318,False
1161,1161,mil_0010,spa_00010,False
868,868,mil_3272,spa_01722,True
1372,1372,mil_3272,spa_06611,True
1200,1200,mil_3412,spa_03441,True
1128,1128,mil_3127,spa_05544,True
1166,1166,mil_0136,spa_00136,False
160,160,mil_0152,spa_00152,False
345,345,mil_3272,spa_05536,True
863,863,mil_3272,spa_01762,True
792,792,mil_0274,spa_00274,False
850,850,mil_0400,spa_00400,False
587,587,mil_0320,spa_00320,False
1312,1312,mil_0103,spa_00103,False
316,316,mil_3412,spa_05546,True
1179,1179,mil_0126,spa_00126,False
1016,1016,mil_0119,spa_00119,False
1152,1152,mil_0405,spa_00405,False
1247,1247,mil_0416,spa_00416,False
348,348,mil_3127,spa_01729,True
784,784,mil_0304,spa_00304,False
523,523,mil_0288,spa_09708,True
54,54,mil_0187,spa_00187,False
1029,1029,mil_3127,spa_01755,True
1189,1189,mil_3412,spa_03412,True
239,239,mil_0009,spa_07105,True
880,880,mil_3079,spa_01092,True
49,49,mil_3272,spa_03410,True
917,917,mil_0052,spa_00052,False
396,396,mil_0065,spa_00065,False
422,422,mil_3127,spa_01747,True
1210,1210,mil_3412,spa_05570,True
484,484,mil_3127,spa_01758,True
656,656,mil_0219,spa_00219,False
801,801,mil_3272,spa_01053,True
835,835,mil_3127,spa_07568,True
562,562,mil_3412,spa_08151,True
1170,1170,mil_3127,spa_06608,True
1275,1275,mil_0413,spa_00413,False
887,887,mil_3127,spa_03428,True
1080,1080,mil_1672,spa_08538,True
155,155,mil_3127,spa_03400,True
234,234,mil_3272,spa_01744,True
788,788,mil_0427,spa_00427,False
893,893,mil_3272,spa_01756,True
1327,1327,mil_0335,spa_00335,False
1209,1209,mil_0013,spa_00013,False
676,676,mil_0124,spa_00124,False
261,261,mil_3974,spa_08534,True
446,446,mil_3272,spa_01758,True
220,220,mil_3127,spa_05547,True
848,848,mil_0048,spa_00048,False
589,589,mil_0076,spa_00076,False
87,87,mil_3127,spa_03437,True
736,736,mil_3272,spa_03416,True
839,839,mil_3974,spa_09588,True
322,322,mil_3272,spa_03418,True
561,561,mil_3127,spa_05561,True
1223,1223,mil_1672,spa_08667,True
158,158,mil_3272,spa_05546,True
407,407,mil_0390,spa_00390,False
861,861,mil_3127,spa_01053,True
613,613,mil_0059,spa_00059,False
471,471,mil_3127,spa_01756,True
653,653,mil_0442,spa_00442,False
534,534,mil_3127,spa_01694,True
776,776,mil_0021,spa_00021,False
557,557,mil_0424,spa_00424,False
796,796,mil_3412,spa_01753,True
781,781,mil_0283,spa_00283,False
319,319,mil_3412,spa_02731,True
268,268,mil_0217,spa_00217,False
785,785,mil_3412,spa_01744,True
1074,1074,mil_3127,spa_05549,True
1279,1279,mil_3127,spa_01749,True
1243,1243,mil_3127,spa_01739,True
1293,1293,mil_0168,spa_00168,False
20,20,mil_3272,spa_01729,True
575,575,mil_0273,spa_00273,False
926,926,mil_0342,spa_00342,False
385,385,mil_2653,spa_00829,True
1,1,mil_0329,spa_00329,False
1273,1273,mil_3127,spa_01766,True
1005,1005,mil_3272,spa_03440,True
218,218,mil_0250,spa_00250,False
59,59,mil_0471,spa_00471,False
940,940,mil_3412,spa_01696,True
1265,1265,mil_1672,spa_09431,True
1068,1068,mil_0267,spa_00267,False
112,112,mil_0288,spa_09712,True
568,568,mil_3272,spa_03397,True
828,828,mil_0387,spa_00387,False
963,963,mil_3272,spa_03395,True
513,513,mil_0070,spa_00070,False
1308,1308,mil_2678,spa_07394,True
240,240,mil_0256,spa_00256,False
1116,1116,mil_0172,spa_00172,False
559,559,mil_0489,spa_00489,False
729,729,mil_0009,spa_00058,True
824,824,mil_3412,spa_03406,True
881,881,mil_0182,spa_00182,False
670,670,mil_3272,spa_01766,True
981,981,mil_3127,spa_06603,True
334,334,mil_0222,spa_00222,False
948,948,mil_3079,spa_09436,True
1295,1295,mil_0077,spa_00077,False
1331,1331,mil_3412,spa_06614,True
1027,1027,mil_0289,spa_00289,False
498,498,mil_0262,spa_00262,False
1088,1088,mil_0271,spa_00271,False
862,862,mil_3412,spa_01726,True
1375,1375,mil_3412,spa_06605,True
427,427,mil_3412,spa_01690,True
654,654,mil_0133,spa_00133,False
836,836,mil_3127,spa_03396,True
522,522,mil_3127,spa_03423,True
90,90,mil_3412,spa_05549,True
1297,1297,mil_3127,spa_01753,True
843,843,mil_3412,spa_05544,True
950,950,mil_0288,spa_09709,True
466,466,mil_0449,spa_00449,False
455,455,mil_3272,spa_05541,True
437,437,mil_3127,spa_05540,True
474,474,mil_3272,spa_01713,True
1330,1330,mil_0487,spa_00487,False
146,146,mil_3412,spa_01757,True
747,747,mil_3127,spa_02733,True
1252,1252,mil_3127,spa_00988,True
1188,1188,mil_0003,spa_00003,False
364,364,mil_0381,spa_00381,False
1130,1130,mil_3412,spa_03403,True
574,574,mil_3412,spa_07640,True
650,650,mil_3272,spa_01700,True
515,515,mil_1672,spa_08380,True
1270,1270,mil_3127,spa_01703,True
544,544,mil_3127,spa_03433,True
971,971,mil_0407,spa_00407,False
256,256,mil_3079,spa_07307,True
0,0,mil_0127,spa_00127,False
1353,1353,mil_0234,spa_00234,False
71,71,mil_2653,spa_00830,True
39,39,mil_0259,spa_00259,False
64,64,mil_2678,spa_07546,True
490,490,mil_0030,spa_00030,False
1118,1118,mil_0108,spa_00108,False
482,482,mil_0061,spa_00061,False
668,668,mil_3127,spa_01742,True
770,770,mil_0319,spa_00319,False
273,273,mil_3974,spa_08538,True
311,311,mil_0009,spa_09415,True
957,957,mil_3412,spa_03431,True
1203,1203,mil_0138,spa_00138,False
217,217,mil_0209,spa_00209,False
1349,1349,mil_3974,spa_08537,True
1336,1336,mil_0351,spa_00351,False
1083,1083,mil_0009,spa_09418,True
802,802,mil_0418,spa_00418,False
737,737,mil_0497,spa_00497,False
152,152,mil_0336,spa_00336,False
1089,1089,mil_0071,spa_00071,False
1205,1205,mil_1672,spa_09434,True
1361,1361,mil_3272,spa_01725,True
255,255,mil_0225,spa_00225,False
100,100,mil_3272,spa_06609,True
896,896,mil_3412,spa_03402,True
511,511,mil_3412,spa_00654,True
7,7,mil_0288,spa_09713,True
542,542,mil_3272,spa_03428,True
734,734,mil_3127,spa_01732,True
519,519,mil_0227,spa_00227,False
663,663,mil_0027,spa_00027,False
735,735,mil_0085,spa_00085,False
1190,1190,mil_0410,spa_00410,False
787,787,mil_3272,spa_05554,True
361,361,mil_3127,spa_01723,True
652,652,mil_0303,spa_00303,False
34,34,mil_3127,spa_00653,True
1269,1269,mil_3272,spa_03409,True
728,728,mil_0009,spa_00477,True
35,35,mil_0490,spa_00490,False
677,677,mil_0281,spa_00281,False
712,712,mil_3974,spa_06895,True
780,780,mil_0096,spa_00096,False
884,884,mil_0472,spa_00472,False
885,885,mil_3412,spa_05545,True
488,488,mil_3272,spa_03441,True
1085,1085,mil_1007,spa_09592,True
1213,1213,mil_3412,spa_01731,True
911,911,mil_0011,spa_00011,False
1109,1109,mil_0447,spa_00447,False
1036,1036,mil_3272,spa_01715,True
121,121,mil_0476,spa_00476,False
860,860,mil_3412,spa_01763,True
936,936,mil_0098,spa_00098,False
806,806,mil_3272,spa_01691,True
60,60,mil_3079,spa_08538,True
1148,1148,mil_3127,spa_00968,True
535,535,mil_3272,spa_02736,True
1292,1292,mil_3127,spa_01738,True
869,869,mil_1672,spa_08537,True
1139,1139,mil_3127,spa_08169,True
852,852,mil_0230,spa_00230,False
1323,1323,mil_3291,spa_06585,True
409,409,mil_3412,spa_03423,True
548,548,mil_1672,spa_08535,True
242,242,mil_3272,spa_05547,True
1206,1206,mil_3412,spa_01708,True
189,189,mil_0468,spa_00468,False
954,954,mil_0075,spa_00075,False
1177,1177,mil_3412,spa_02733,True
138,138,mil_3412,spa_03437,True
1155,1155,mil_3079,spa_00089,True
1208,1208,mil_3272,spa_01687,True
1352,1352,mil_3127,spa_06613,True
872,872,mil_3412,spa_05561,True
1322,1322,mil_3127,spa_01737,True
464,464,mil_3412,spa_02739,True
966,966,mil_0327,spa_00327,False
687,687,mil_3127,spa_01719,True
185,185,mil_4133,spa_07378,True
194,194,mil_3272,spa_03408,True
210,210,mil_3127,spa_05557,True
25,25,mil_0200,spa_00200,False
819,819,mil_0392,spa_00392,False
755,755,mil_3127,spa_01706,True
1195,1195,mil_3127,spa_02731,True
705,705,mil_3412,spa_01764,True
94,94,mil_3412,spa_03426,True
1095,1095,mil_3412,spa_08169,True
1326,1326,mil_0032,spa_00032,False
77,77,mil_0445,spa_00445,False
85,85,mil_3412,spa_03405,True
378,378,mil_0409,spa_00409,False
418,418,mil_3127,spa_02729,True
1363,1363,mil_3412,spa_01710,True
774,774,mil_3412,spa_01765,True
302,302,mil_3127,spa_01760,True
487,487,mil_3272,spa_03438,True
552,552,mil_3412,spa_05568,True
75,75,mil_3412,spa_03433,True
1234,1234,mil_3127,spa_00654,True
178,178,mil_0240,spa_00240,False
1038,1038,mil_3272,spa_01709,True
325,325,mil_3412,spa_06603,True
1164,1164,mil_0223,spa_00223,False
1058,1058,mil_0031,spa_00031,False
790,790,mil_4420,spa_09431,True
582,582,mil_3412,spa_01053,True
977,977,mil_0406,spa_00406,False
985,985,mil_0421,spa_00421,False
480,480,mil_3127,spa_05536,True
363,363,mil_0162,spa_00162,False
89,89,mil_3272,spa_00968,True
1187,1187,mil_0330,spa_00330,False
61,61,mil_3127,spa_05567,True
779,779,mil_0214,spa_00214,False
794,794,mil_0306,spa_00306,False
183,183,mil_3272,spa_01701,True
606,606,mil_3272,spa_03404,True
472,472,mil_3127,spa_01762,True
1277,1277,mil_0009,spa_09417,True
347,347,mil_0364,spa_00364,False
1299,1299,mil_0236,spa_00236,False
62,62,mil_1020,spa_09658,True
1318,1318,mil_3127,spa_03427,True
47,47,mil_0181,spa_00181,False
485,485,mil_3412,spa_03411,True
500,500,mil_0331,spa_00331,False
564,564,mil_0169,spa_00169,False
637,637,mil_0278,spa_00278,False
825,825,mil_2669,spa_07579,True
585,585,mil_3974,spa_08380,True
998,998,mil_3127,spa_06609,True
847,847,mil_0373,spa_00373,False
944,944,mil_1672,spa_09433,True
795,795,mil_3412,spa_03414,True
15,15,mil_3412,spa_05541,True
943,943,mil_3974,spa_09434,True
999,999,mil_3272,spa_01760,True
50,50,mil_0131,spa_00131,False
1091,1091,mil_3272,spa_03412,True
772,772,mil_0023,spa_00023,False
362,362,mil_3272,spa_03396,True
642,642,mil_3127,spa_01715,True
371,371,mil_0439,spa_00439,False
965,965,mil_3272,spa_06610,True
6,6,mil_3272,spa_00990,True
56,56,mil_3127,spa_01685,True
506,506,mil_0265,spa_00265,False
1339,1339,mil_3127,spa_01691,True
744,744,mil_0109,spa_00109,False
1023,1023,mil_3272,spa_06607,True
1175,1175,mil_3272,spa_05538,True
1359,1359,mil_3127,spa_07641,True
1315,1315,mil_3272,spa_07568,True
573,573,mil_3272,spa_03402,True
170,170,mil_0263,spa_00263,False
510,510,mil_0210,spa_00210,False
453,453,mil_0151,spa_00151,False
605,605,mil_0396,spa_00396,False
680,680,mil_3079,spa_08534,True
1376,1376,mil_4420,spa_00251,True
633,633,mil_3412,spa_00655,True
701,701,mil_4133,spa_07376,True
1251,1251,mil_3412,spa_03409,True
570,570,mil_3272,spa_05552,True
912,912,mil_0264,spa_00264,False
662,662,mil_0067,spa_00067,False
804,804,mil_0055,spa_00055,False
773,773,mil_0420,spa_00420,False
211,211,mil_0155,spa_00155,False
932,932,mil_0009,spa_00849,True
768,768,mil_0338,spa_00338,False
164,164,mil_3412,spa_01755,True
1072,1072,mil_3127,spa_01714,True
1319,1319,mil_0348,spa_00348,False
565,565,mil_0226,spa_00226,False
420,420,mil_3412,spa_01702,True
805,805,mil_0469,spa_00469,False
627,627,mil_3272,spa_01716,True
1019,1019,mil_3412,spa_01742,True
1263,1263,mil_0114,spa_00114,False
1002,1002,mil_0356,spa_00356,False
594,594,mil_0039,spa_00039,False
603,603,mil_3272,spa_01703,True
327,327,mil_0385,spa_00385,False
664,664,mil_4420,spa_07308,True
1114,1114,mil_2141,spa_07547,True
955,955,mil_3272,spa_01747,True
241,241,mil_0249,spa_07025,True
661,661,mil_3412,spa_01723,True
289,289,mil_3272,spa_01711,True
983,983,mil_3127,spa_05539,True
356,356,mil_0068,spa_00068,False
143,143,mil_3079,spa_08536,True
469,469,mil_3127,spa_01745,True
73,73,mil_3127,spa_03436,True
799,799,mil_2141,spa_07394,True
186,186,mil_0095,spa_00095,False
1014,1014,mil_3127,spa_03404,True
1286,1286,mil_0150,spa_00150,False
967,967,mil_3272,spa_01738,True
236,236,mil_3127,spa_01743,True
583,583,mil_3127,spa_03424,True
1143,1143,mil_0001,spa_00001,False
1235,1235,mil_3272,spa_05542,True
298,298,mil_0328,spa_00328,False
114,114,mil_0014,spa_00014,False
1169,1169,mil_3127,spa_06605,True
4,4,mil_3272,spa_02730,True
956,956,mil_0165,spa_00165,False
1271,1271,mil_3272,spa_05571,True
974,974,mil_3079,spa_07528,True
1233,1233,mil_3127,spa_01722,True
1125,1125,mil_0207,spa_00207,False
492,492,mil_3272,spa_06603,True
84,84,mil_3127,spa_01024,True
686,686,mil_0279,spa_00279,False
243,243,mil_3127,spa_05558,True
1259,1259,mil_3127,spa_08151,True
258,258,mil_3272,spa_07567,True
1126,1126,mil_3272,spa_02734,True
1053,1053,mil_3412,spa_01760,True
449,449,mil_3974,spa_08668,True
442,442,mil_3412,spa_05547,True
254,254,mil_3127,spa_01751,True
563,563,mil_3272,spa_01754,True
27,27,mil_3412,spa_05551,True
740,740,mil_3127,spa_02732,True
264,264,mil_3272,spa_03429,True
206,206,mil_0160,spa_00160,False
366,366,mil_0006,spa_00006,False
558,558,mil_0352,spa_00352,False
1056,1056,mil_3272,spa_05559,True
159,159,mil_3272,spa_02733,True
910,910,mil_3412,spa_01741,True
438,438,mil_3127,spa_03414,True
340,340,mil_0188,spa_00188,False
947,947,mil_0094,spa_00094,False
719,719,mil_4420,spa_07307,True
233,233,mil_3974,spa_08536,True
638,638,mil_3272,spa_01024,True
406,406,mil_0325,spa_00325,False
902,902,mil_0037,spa_00037,False
530,530,mil_3272,spa_08150,True
148,148,mil_3412,spa_01698,True
140,140,mil_0111,spa_00111,False
136,136,mil_3127,spa_05537,True
1096,1096,mil_0293,spa_00293,False
253,253,mil_3272,spa_06606,True
968,968,mil_3412,spa_00243,True
789,789,mil_1672,spa_09585,True
1309,1309,mil_0308,spa_00308,False
920,920,mil_0107,spa_00107,False
690,690,mil_0044,spa_00044,False
720,720,mil_3127,spa_01695,True
556,556,mil_3127,spa_05562,True
1171,1171,mil_0496,spa_00496,False
509,509,mil_0053,spa_00053,False
624,624,mil_3272,spa_03422,True
1254,1254,mil_3272,spa_08146,True
265,265,mil_0428,spa_00428,False
648,648,mil_3127,spa_05571,True
851,851,mil_3272,spa_03399,True
1298,1298,mil_3412,spa_03398,True
266,266,mil_1672,spa_00659,True
108,108,mil_3412,spa_03421,True
335,335,mil_0288,spa_09714,True
17,17,mil_3412,spa_01689,True
1329,1329,mil_3127,spa_01720,True
125,125,mil_3127,spa_03402,True
293,293,mil_0292,spa_00292,False
914,914,mil_1672,spa_08668,True
1284,1284,mil_4420,spa_08667,True
336,336,mil_3272,spa_01726,True
815,815,mil_3412,spa_01718,True
315,315,mil_3272,spa_01705,True
421,421,mil_0170,spa_00170,False
1132,1132,mil_0288,spa_00401,True
285,285,mil_3272,spa_01698,True
1325,1325,mil_0380,spa_00380,False
597,597,mil_3272,spa_01695,True
457,457,mil_3412,spa_06608,True
357,357,mil_3412,spa_01704,True
1021,1021,mil_3272,spa_05551,True
913,913,mil_0446,spa_00446,False
212,212,mil_3127,spa_01728,True
724,724,mil_0195,spa_00195,False
227,227,mil_0297,spa_00297,False
97,97,mil_3272,spa_05540,True
1219,1219,mil_0099,spa_00099,False
372,372,mil_3291,spa_01051,True
142,142,mil_3291,spa_00069,True
1343,1343,mil_3127,spa_05560,True
1158,1158,mil_3272,spa_01708,True
639,639,mil_0183,spa_00183,False
1156,1156,mil_0412,spa_00412,False
370,370,mil_3231,spa_07545,True
263,263,mil_3127,spa_05564,True
915,915,mil_3412,spa_05564,True
1167,1167,mil_3272,spa_05570,True
1069,1069,mil_0088,spa_00088,False
1212,1212,mil_3079,spa_09434,True
204,204,mil_0415,spa_00415,False
580,580,mil_3412,spa_05540,True
875,875,mil_3127,spa_01750,True
291,291,mil_0047,spa_00047,False
122,122,mil_3127,spa_05548,True
646,646,mil_3272,spa_05569,True
984,984,mil_3272,spa_03436,True
269,269,mil_3412,spa_01686,True
1039,1039,mil_0009,spa_07104,True
619,619,mil_0288,spa_07890,True
111,111,mil_0300,spa_00300,False
761,761,mil_3272,spa_02729,True
800,800,mil_0425,spa_00425,False
83,83,mil_0280,spa_00280,False
1258,1258,mil_3127,spa_03422,True
432,432,mil_3272,spa_01710,True
1324,1324,mil_3412,spa_01693,True
109,109,mil_0117,spa_00117,False
461,461,mil_0206,spa_00206,False
157,157,mil_0258,spa_00258,False
1360,1360,mil_0025,spa_00025,False
386,386,mil_3291,spa_00652,True
1249,1249,mil_0376,spa_00376,False
499,499,mil_0437,spa_00437,False
988,988,mil_3412,spa_01758,True
1253,1253,mil_0017,spa_00017,False
975,975,mil_0009,spa_07368,True
1057,1057,mil_4133,spa_07375,True
730,730,mil_4420,spa_08534,True
797,797,mil_0443,spa_00443,False
306,306,mil_0456,spa_00456,False
694,694,mil_3291,spa_00070,True
666,666,mil_3412,spa_03416,True
222,222,mil_3127,spa_01735,True
667,667,mil_3412,spa_01709,True
277,277,mil_3127,spa_06607,True
99,99,mil_0008,spa_00008,False
431,431,mil_3272,spa_01727,True
262,262,mil_1255,spa_07578,True
19,19,mil_0334,spa_00334,False
1321,1321,mil_3291,spa_06588,True
1300,1300,mil_3127,spa_05569,True
827,827,mil_3127,spa_03410,True
8,8,mil_3272,spa_06612,True
288,288,mil_4420,spa_08380,True
900,900,mil_3272,spa_01739,True
856,856,mil_3412,spa_06606,True
172,172,mil_0102,spa_00102,False
640,640,mil_3272,spa_05545,True
295,295,mil_3272,spa_03419,True
147,147,mil_0482,spa_00482,False
1142,1142,mil_3272,spa_01704,True
74,74,mil_3412,spa_01749,True
154,154,mil_1255,spa_07576,True
46,46,mil_0357,spa_00357,False
1137,1137,mil_0208,spa_00208,False
219,219,mil_3127,spa_01764,True
651,651,mil_3412,spa_01735,True
611,611,mil_3272,spa_00072,True
1067,1067,mil_3127,spa_01733,True
621,621,mil_3412,spa_05554,True
257,257,mil_3272,spa_00655,True
1020,1020,mil_0213,spa_00213,False
715,715,mil_3974,spa_07308,True
1289,1289,mil_3272,spa_01696,True
161,161,mil_2653,spa_09454,True
512,512,mil_3412,spa_02730,True
259,259,mil_0282,spa_00282,False
226,226,mil_3127,spa_02736,True
1154,1154,mil_3412,spa_06607,True
1103,1103,mil_3412,spa_00968,True
754,754,mil_0249,spa_00249,False
953,953,mil_3412,spa_00072,True
726,726,mil_3272,spa_03403,True
202,202,mil_3412,spa_03432,True
769,769,mil_0189,spa_00189,False
921,921,mil_3412,spa_01754,True
865,865,mil_3272,spa_06614,True
1054,1054,mil_0422,spa_00422,False
1150,1150,mil_0444,spa_00444,False
394,394,mil_0049,spa_00049,False
990,990,mil_3412,spa_01705,True
1107,1107,mil_0201,spa_00201,False
435,435,mil_3412,spa_01740,True
249,249,mil_0129,spa_00129,False
1093,1093,mil_0302,spa_00302,False
817,817,mil_3127,spa_05568,True
1042,1042,mil_0419,spa_00419,False
508,508,mil_3272,spa_01759,True
777,777,mil_3412,spa_03420,True
415,415,mil_3974,spa_09433,True
1197,1197,mil_3412,spa_05553,True
554,554,mil_0046,spa_00046,False
980,980,mil_0430,spa_00430,False
274,274,mil_3272,spa_01743,True
934,934,mil_0248,spa_00248,False
683,683,mil_0132,spa_00132,False
413,413,mil_1672,spa_07308,True
42,42,mil_0349,spa_00349,False
333,333,mil_0050,spa_00050,False
451,451,mil_3974,spa_09436,True
1207,1207,mil_0441,spa_00441,False
1165,1165,mil_1672,spa_09436,True
1306,1306,mil_3127,spa_00655,True
1144,1144,mil_0288,spa_09711,True
247,247,mil_0243,spa_00243,False
697,697,mil_0180,spa_00180,False
33,33,mil_3127,spa_06604,True
1076,1076,mil_3127,spa_03434,True
52,52,mil_3974,spa_00089,True
1317,1317,mil_0479,spa_00479,False
942,942,mil_0164,spa_00164,False
1129,1129,mil_0196,spa_00196,False
551,551,mil_0374,spa_00374,False
1101,1101,mil_4420,spa_09436,True
395,395,mil_0115,spa_00115,False
1160,1160,mil_3079,spa_09432,True
1354,1354,mil_3272,spa_00654,True
658,658,mil_0366,spa_00366,False
1262,1262,mil_3127,spa_03440,True
190,190,mil_3272,spa_01718,True
441,441,mil_0434,spa_00434,False
22,22,mil_0401,spa_00401,False
669,669,mil_0093,spa_00093,False
753,753,mil_3127,spa_00074,True
467,467,mil_3127,spa_01686,True
691,691,mil_3127,spa_02734,True
360,360,mil_3291,spa_06583,True
778,778,mil_0341,spa_00341,False
973,973,mil_2653,spa_06785,True
96,96,mil_0391,spa_00391,False
53,53,mil_3079,spa_09433,True
833,833,mil_4420,spa_09435,True
1281,1281,mil_3127,spa_03431,True
430,430,mil_3272,spa_03431,True
655,655,mil_3412,spa_01739,True
1063,1063,mil_0104,spa_00104,False
816,816,mil_0112,spa_00112,False
397,397,mil_3412,spa_06612,True
177,177,mil_3272,spa_03425,True
1335,1335,mil_3079,spa_08668,True
1216,1216,mil_3412,spa_01721,True
1183,1183,mil_0036,spa_00036,False
478,478,mil_0379,spa_00379,False
979,979,mil_3412,spa_05538,True
476,476,mil_3127,spa_01746,True
1307,1307,mil_4420,spa_08536,True
647,647,mil_3272,spa_05560,True
307,307,mil_0287,spa_00287,False
751,751,mil_3272,spa_05564,True
684,684,mil_3272,spa_01689,True
1365,1365,mil_4420,spa_00659,True
716,716,mil_3127,spa_01711,True
1111,1111,mil_3412,spa_03410,True
674,674,mil_3272,spa_01767,True
473,473,mil_0492,spa_00492,False
132,132,mil_3127,spa_01767,True
390,390,mil_3412,spa_01767,True
733,733,mil_0438,spa_00438,False
460,460,mil_3272,spa_01697,True
599,599,mil_0080,spa_00080,False
1347,1347,mil_4420,spa_09432,True
882,882,mil_3412,spa_01714,True
923,923,mil_3272,spa_05557,True
526,526,mil_0009,spa_00848,True
215,215,mil_0137,spa_00137,False
192,192,mil_3412,spa_03419,True
531,531,mil_0005,spa_00005,False
569,569,mil_3412,spa_01720,True
388,388,mil_3272,spa_05565,True
1033,1033,mil_3127,spa_00073,True
521,521,mil_0173,spa_00173,False
69,69,mil_3412,spa_05563,True
1221,1221,mil_3127,spa_01692,True
951,951,mil_2035,spa_08367,True
436,436,mil_0286,spa_00286,False
679,679,mil_3412,spa_01745,True
994,994,mil_3412,spa_02738,True
960,960,mil_3412,spa_01734,True
279,279,mil_3272,spa_01749,True
400,400,mil_3412,spa_03397,True
823,823,mil_3412,spa_03429,True
179,179,mil_3272,spa_03411,True
808,808,mil_3272,spa_03435,True
163,163,mil_1294,spa_09737,True
688,688,mil_0237,spa_00237,False
877,877,mil_3412,spa_07568,True
350,350,mil_2653,spa_00179,True
901,901,mil_3272,spa_05539,True
1226,1226,mil_3412,spa_01706,True
1113,1113,mil_0310,spa_00310,False
543,543,mil_3272,spa_02739,True
337,337,mil_0203,spa_00203,False
507,507,mil_3412,spa_01738,True
176,176,mil_3272,spa_03426,True
12,12,mil_0337,spa_00337,False
782,782,mil_0355,spa_00355,False
698,698,mil_3412,spa_05558,True
695,695,mil_3127,spa_03417,True
964,964,mil_3272,spa_01707,True
491,491,mil_0163,spa_00163,False
26,26,mil_0370,spa_00370,False
167,167,mil_3127,spa_01734,True
9,9,mil_3127,spa_01705,True
840,840,mil_0417,spa_00417,False
1062,1062,mil_3043,spa_07578,True
959,959,mil_3412,spa_05557,True
101,101,mil_0311,spa_00311,False
92,92,mil_3127,spa_05553,True
45,45,mil_3127,spa_01055,True
829,829,mil_0220,spa_00220,False
37,37,mil_4420,spa_00089,True
450,450,mil_3412,spa_05569,True
1180,1180,mil_3272,spa_08151,True
1018,1018,mil_3272,spa_01733,True
1173,1173,mil_0451,spa_00451,False
207,207,mil_0454,spa_00454,False
32,32,mil_0475,spa_00475,False
343,343,mil_3127,spa_03425,True
1066,1066,mil_3974,spa_01092,True
608,608,mil_3272,spa_01720,True
618,618,mil_3412,spa_03439,True
938,938,mil_3272,spa_05567,True
1344,1344,mil_3127,spa_03420,True
58,58,mil_3272,spa_03400,True
127,127,mil_3412,spa_01687,True
174,174,mil_0345,spa_00345,False
578,578,mil_3127,spa_01754,True
517,517,mil_3412,spa_01688,True
1240,1240,mil_0474,spa_00474,False
752,752,mil_3272,spa_05549,True
874,874,mil_3127,spa_03411,True
1121,1121,mil_3412,spa_03418,True
156,156,mil_3127,spa_07566,True
229,229,mil_3412,spa_03430,True
458,458,mil_0198,spa_00198,False
309,309,mil_3272,spa_01723,True
678,678,mil_0135,spa_00135,False
238,238,mil_3412,spa_05567,True
681,681,mil_3079,spa_07383,True
328,328,mil_1007,spa_00016,True
1202,1202,mil_0493,spa_00493,False
246,246,mil_3127,spa_01054,True
115,115,mil_0458,spa_00458,False
527,527,mil_3272,spa_01694,True
600,600,mil_3272,spa_00988,True
1162,1162,mil_0495,spa_00495,False
191,191,mil_1672,spa_07307,True
320,320,mil_0353,spa_00353,False
38,38,mil_0078,spa_00078,False
1120,1120,mil_3272,spa_05563,True
1358,1358,mil_0450,spa_00450,False
628,628,mil_3412,spa_01700,True
68,68,mil_0266,spa_00266,False
1127,1127,mil_3079,spa_09588,True
1350,1350,mil_4420,spa_08535,True
763,763,mil_3412,spa_01055,True
972,972,mil_0205,spa_00205,False
798,798,mil_0035,spa_00035,False
1051,1051,mil_3974,spa_08667,True
649,649,mil_0097,spa_00097,False
591,591,mil_3127,spa_05555,True
970,970,mil_3127,spa_01724,True
685,685,mil_3127,spa_01757,True
377,377,mil_3272,spa_03423,True
402,402,mil_3412,spa_05565,True
525,525,mil_0144,spa_00144,False
524,524,mil_3412,spa_01730,True
245,245,mil_0019,spa_00019,False
634,634,mil_3412,spa_05560,True
124,124,mil_3412,spa_01733,True
495,495,mil_3412,spa_01728,True
541,541,mil_3412,spa_01024,True
228,228,mil_0399,spa_00399,False
248,248,mil_3127,spa_03439,True
1060,1060,mil_3127,spa_03415,True
31,31,mil_3412,spa_03438,True
1370,1370,mil_3412,spa_03395,True
276,276,mil_3412,spa_00988,True
299,299,mil_0074,spa_00074,False
225,225,mil_3412,spa_00653,True
1052,1052,mil_0313,spa_00313,False
237,237,mil_3974,spa_09432,True
123,123,mil_0466,spa_00466,False
199,199,mil_3127,spa_03426,True
738,738,mil_3974,spa_09431,True
1224,1224,mil_3272,spa_03424,True
1105,1105,mil_1672,spa_07383,True
533,533,mil_3412,spa_02736,True
398,398,mil_0178,spa_00178,False
57,57,mil_0009,spa_09416,True
250,250,mil_3127,spa_05554,True
1288,1288,mil_1672,spa_09432,True
369,369,mil_0167,spa_00167,False
303,303,mil_3272,spa_01763,True
1123,1123,mil_3127,spa_06611,True
765,765,mil_3127,spa_02739,True
